date,campaign,channel,spend,impressions,clicks,conversions,revenue
2025-10-10,Content Sprint,Google Ads,4107.0,112525,4543,336,20217.64
2025-10-14,Lookalike Scale,Display,156.41,36387,143,2,306.68
2025-06-11,Display Remarketing,YouTube,1016.1,60673,927,14,2837.74
2025-05-10,Summer Sale Blitz,Email,10516.2,242821,13539,967,69965.86
2025-02-26,Holiday Flash Promo,YouTube,2507.83,172346,3704,66,8168.67
2025-03-11,Display Remarketing,Display,126.28,36830,145,1,224.0
2025-10-31,Display Remarketing,Display,618.28,202167,1040,16,1123.57
2025-01-03,Holiday Flash Promo,Display,886.27,197796,1145,10,1236.84
2025-02-21,Brand Awareness Push,Google Ads,716.08,33059,880,65,3549.07
2025-07-22,Summer Sale Blitz,YouTube,1314.84,142005,2382,43,3667.15
2025-11-08,Summer Sale Blitz,SEO,2000.43,62315,1967,154,9879.26
2025-10-14,Loyalty Win-back,YouTube,820.26,167756,2166,48,2197.14
2025-09-21,Content Sprint,Display,573.48,118159,521,7,1039.68
2025-05-20,Brand Awareness Push,Meta Ads,643.24,78870,1623,37,1596.33
2025-11-28,Display Remarketing,LinkedIn,1421.69,176428,1437,57,2774.94
2025-04-10,Summer Sale Blitz,Display,65.05,28615,130,2,109.03
2025-03-06,Display Remarketing,YouTube,3056.62,214870,3062,53,11703.9
2025-08-26,Content Sprint,Google Ads,765.12,25688,912,57,3934.7
2025-02-07,Retarget Cart Abandon,Email,4866.78,148972,7258,446,34007.05
2025-01-09,Retarget Cart Abandon,LinkedIn,1518.78,239847,1610,52,5769.32
2025-12-09,Retarget Cart Abandon,YouTube,723.03,145073,948,20,1840.1
2025-01-08,LinkedIn ABM Campaign,Meta Ads,1903.14,207441,4527,173,5325.92
2025-04-13,Brand Awareness Push,Google Ads,11471.03,166558,8165,505,42012.12
2025-01-14,Retarget Cart Abandon,Meta Ads,3498.59,140938,4534,144,12866.33
2025-04-17,Content Sprint,Email,3538.73,131188,7531,503,16562.14
2025-12-29,Retarget Cart Abandon,SEO,10881.03,223460,12778,930,74105.06
2025-10-09,LinkedIn ABM Campaign,Google Ads,5677.47,167107,7253,481,20578.05
2025-03-29,Summer Sale Blitz,SEO,1821.36,35075,2057,137,7657.71
2025-04-24,Loyalty Win-back,Meta Ads,1488.58,195464,3699,147,5913.59
2025-02-18,Summer Sale Blitz,Meta Ads,1410.95,171026,1750,69,3605.75
2025-10-21,Summer Sale Blitz,SEO,3073.34,180274,4940,348,19924.4
2025-08-30,LinkedIn ABM Campaign,YouTube,2797.95,239127,3218,53,8400.6
2025-02-08,Holiday Flash Promo,Display,330.46,39383,208,5,498.35
2025-06-20,Content Sprint,YouTube,2963.99,197267,2979,77,4904.14
2025-07-13,Holiday Flash Promo,LinkedIn,1394.53,153473,1198,28,2364.87
2025-04-01,Brand Awareness Push,YouTube,421.94,62982,639,18,1133.51
2025-02-23,Retarget Cart Abandon,LinkedIn,860.02,207042,1403,39,1908.77
2025-02-26,Display Remarketing,Email,841.98,33295,1816,135,5712.59
2025-09-06,New Customer Acquisition,YouTube,1801.52,101439,1545,31,5555.11
2025-03-08,New Customer Acquisition,YouTube,631.27,63002,1343,37,1423.39
2025-11-01,Retarget Cart Abandon,Google Ads,932.21,17730,675,22,3480.86
2025-10-20,Lookalike Scale,LinkedIn,1551.61,195971,1786,49,3837.49
2025-11-10,New Customer Acquisition,SEO,2507.36,118385,4566,333,8782.63
2025-06-02,Content Sprint,Meta Ads,565.39,61979,802,39,1383.62
2025-04-19,Holiday Flash Promo,Meta Ads,5928.06,237470,5713,327,24786.64
2025-08-27,Brand Awareness Push,YouTube,2489.01,202075,2619,53,5517.1
2025-09-11,Lookalike Scale,Email,14929.39,215876,12741,1317,106090.64
2025-12-08,Holiday Flash Promo,YouTube,517.5,38664,382,6,1290.97
2025-12-12,Summer Sale Blitz,SEO,1819.21,67078,1913,111,11019.8
2025-06-20,Content Sprint,YouTube,2213.45,133044,1896,41,5660.15
2025-02-13,Holiday Flash Promo,Display,284.32,33690,230,3,528.95
2025-05-02,Holiday Flash Promo,Display,708.11,225099,1191,19,1098.42
2025-02-23,Summer Sale Blitz,SEO,7751.56,234351,7065,479,34974.81
2025-10-12,Content Sprint,LinkedIn,1566.34,122445,1105,44,4175.82
2025-11-07,New Customer Acquisition,Meta Ads,646.25,161083,1688,94,2528.08
2025-10-29,Display Remarketing,Display,302.03,77362,231,2,509.95
2025-02-10,LinkedIn ABM Campaign,YouTube,1874.4,249273,3537,62,5586.05
2025-02-03,Content Sprint,Email,15789.8,224773,14764,973,113962.18
2025-11-29,Brand Awareness Push,Google Ads,5593.29,165785,5262,306,19886.31
2025-03-29,Brand Awareness Push,SEO,7604.04,213105,7255,603,50006.87
2025-11-02,Display Remarketing,Display,69.75,14837,59,1,98.33
2025-09-26,Summer Sale Blitz,Display,284.58,52295,238,4,491.1
2025-08-13,Summer Sale Blitz,Google Ads,277.62,15375,505,16,1190.28
2025-12-24,Lookalike Scale,LinkedIn,650.87,117347,1169,33,1974.69
2025-04-20,Display Remarketing,YouTube,1619.3,146614,2600,47,4572.81
2025-05-28,Loyalty Win-back,Email,7371.77,121171,10677,868,37974.79
2025-08-12,Display Remarketing,Display,612.3,160484,865,10,760.74
2025-01-14,Brand Awareness Push,SEO,5089.58,107508,6542,584,25246.13
2025-08-25,Lookalike Scale,YouTube,2435.99,164846,2665,48,7073.33
2025-05-12,Loyalty Win-back,YouTube,2303.24,130621,2483,50,6451.75
2025-10-19,Brand Awareness Push,Meta Ads,709.55,82040,1356,63,2073.68
2025-05-02,Display Remarketing,YouTube,889.04,47383,818,8,1807.3
2025-05-16,Holiday Flash Promo,LinkedIn,220.16,42635,314,5,784.17
2025-10-09,Display Remarketing,YouTube,1183.34,81185,1268,15,3372.59
2025-03-18,Holiday Flash Promo,Email,13243.13,133646,9046,599,66176.11
2025-11-03,New Customer Acquisition,Meta Ads,2181.95,247628,4951,267,6941.92
2025-06-08,Display Remarketing,Google Ads,1523.2,119985,3710,170,5021.79
2025-04-17,Retarget Cart Abandon,Meta Ads,1846.27,125098,3380,54,4777.66
2025-08-21,Lookalike Scale,Display,577.7,164041,768,11,1054.99
2025-05-04,Loyalty Win-back,SEO,11035.04,211897,9896,744,55929.45
2025-08-03,Retarget Cart Abandon,LinkedIn,1603.07,213317,1322,30,3886.72
2025-03-06,Summer Sale Blitz,LinkedIn,679.77,88019,938,27,1692.78
2025-08-07,Lookalike Scale,Google Ads,324.76,6792,246,11,1975.43
2025-06-24,Loyalty Win-back,SEO,7816.08,191550,8567,238,33156.56
2025-02-11,Lookalike Scale,Google Ads,5832.52,184441,4426,209,21151.75
2025-04-16,New Customer Acquisition,Meta Ads,1792.7,184769,2277,61,6460.56
2025-06-19,LinkedIn ABM Campaign,SEO,12134.47,244589,11320,677,57183.15
2025-12-04,Display Remarketing,Meta Ads,2597.54,206532,4823,111,8431.28
2025-09-18,Content Sprint,Display,381.49,194561,776,7,535.43
2025-08-15,Brand Awareness Push,Google Ads,2854.44,215240,7376,472,12239.51
2025-11-23,Content Sprint,Email,10550.56,169545,7275,230,60111.46
2025-08-04,Display Remarketing,Email,2184.67,102250,5506,419,14965.84
2025-09-19,Display Remarketing,YouTube,2133.69,202820,4296,89,6949.11
2025-12-31,New Customer Acquisition,Meta Ads,1678.95,176715,2105,87,5023.44
2025-05-14,Summer Sale Blitz,Google Ads,706.0,21455,836,54,4210.6
2025-06-03,New Customer Acquisition,YouTube,3831.03,240006,3345,51,7320.03
2025-04-29,New Customer Acquisition,YouTube,3060.35,227720,2771,19,7607.89
2025-03-30,Brand Awareness Push,Display,539.41,84010,456,10,834.24
2025-06-10,New Customer Acquisition,Email,4907.76,121683,9266,644,35240.63
2025-02-07,Display Remarketing,LinkedIn,552.46,164965,1327,42,728.78
2025-02-07,Brand Awareness Push,Display,50.0,15064,31,0,97.81
2025-01-19,New Customer Acquisition,Google Ads,542.03,32342,1083,82,2892.38
2025-05-24,Brand Awareness Push,YouTube,505.88,107069,1493,35,1405.23
2025-06-28,Summer Sale Blitz,Meta Ads,1143.91,86608,2130,77,4346.14
2025-03-30,Loyalty Win-back,Email,7052.6,122566,5468,597,33755.16
2025-06-18,New Customer Acquisition,YouTube,3037.05,179331,2547,57,9085.97
2025-03-10,New Customer Acquisition,SEO,323.21,12664,308,9,1389.07
2025-11-07,Display Remarketing,Email,519.42,6161,440,51,2645.16
2025-04-03,Brand Awareness Push,LinkedIn,1420.82,230104,1545,70,2781.95
2025-04-27,Lookalike Scale,Meta Ads,3518.05,200807,4683,245,12295.17
2025-01-11,Holiday Flash Promo,SEO,3153.12,89887,3762,226,22914.72
2025-04-26,Retarget Cart Abandon,Display,1572.9,223054,1491,22,2716.46
2025-07-05,Retarget Cart Abandon,Display,1439.31,247984,1224,17,2308.17
2025-11-24,Summer Sale Blitz,Email,5289.8,220693,12150,708,24595.5
2025-04-18,LinkedIn ABM Campaign,Google Ads,2203.2,167587,3152,183,12745.08
2025-04-03,Content Sprint,Display,626.68,154638,563,9,1223.28
2025-10-04,Holiday Flash Promo,Meta Ads,5144.44,245937,4752,200,16754.35
2025-05-29,Loyalty Win-back,LinkedIn,150.69,28047,272,7,279.24
2025-03-07,Content Sprint,Meta Ads,688.15,53887,802,15,2146.46
2025-07-08,Summer Sale Blitz,LinkedIn,339.71,186720,557,18,753.37
2025-11-12,New Customer Acquisition,Email,5734.2,200533,10682,1159,49097.8
2025-05-18,New Customer Acquisition,SEO,7255.77,181231,7257,524,45852.03
2025-05-30,Summer Sale Blitz,LinkedIn,1047.82,152434,1247,32,2654.88
2025-02-17,LinkedIn ABM Campaign,Display,168.93,44903,248,1,192.32
2025-10-03,Lookalike Scale,YouTube,1774.95,220853,2555,61,4545.24
2025-04-05,Retarget Cart Abandon,YouTube,143.46,16067,168,3,253.07
2025-04-03,Retarget Cart Abandon,Meta Ads,2099.48,77219,1579,62,5062.09
2025-12-14,Lookalike Scale,LinkedIn,99.35,22596,218,8,157.18
2025-08-14,Display Remarketing,Display,688.44,137879,619,9,952.58
2025-09-26,Holiday Flash Promo,YouTube,742.79,77528,668,14,2838.35
2025-12-10,Display Remarketing,Email,2220.06,34560,1891,102,11694.88
2025-05-31,Summer Sale Blitz,Email,7862.01,115215,5643,562,39357.07
2025-07-13,Holiday Flash Promo,YouTube,509.1,65859,488,8,1307.65
2025-07-08,Brand Awareness Push,LinkedIn,539.55,125198,1078,35,1296.48
2025-12-14,Summer Sale Blitz,Meta Ads,2331.16,123097,3649,157,7099.59
2025-01-11,LinkedIn ABM Campaign,SEO,1294.42,34143,1473,125,7394.38
2025-07-14,Content Sprint,YouTube,70.7,50873,190,4,223.56
2025-12-03,Content Sprint,Display,324.22,88639,364,7,518.55
2025-10-17,New Customer Acquisition,Email,1348.12,56928,3409,204,6076.95
2025-04-13,New Customer Acquisition,Meta Ads,484.39,20205,522,21,1568.62
2025-12-03,Content Sprint,Meta Ads,1139.03,83193,1292,65,3844.41
2025-12-13,Lookalike Scale,Email,2513.26,88964,5455,516,11205.89
2025-11-22,Holiday Flash Promo,LinkedIn,1218.42,188656,1954,54,3789.35
2025-05-14,Holiday Flash Promo,Display,864.89,185935,904,14,1420.01
2025-06-03,Retarget Cart Abandon,LinkedIn,676.12,163532,1203,32,1733.1
2025-09-01,Retarget Cart Abandon,LinkedIn,834.55,165601,1772,58,1802.33
2025-11-11,Holiday Flash Promo,SEO,1005.46,65436,1998,141,6102.42
2025-09-04,Loyalty Win-back,Meta Ads,4539.82,228030,5279,243,7936.83
2025-04-04,LinkedIn ABM Campaign,Display,1045.72,158242,998,19,1835.5
2025-05-27,Holiday Flash Promo,YouTube,5013.96,219401,3828,65,11763.86
2025-07-18,Holiday Flash Promo,Display,680.95,125006,640,7,1207.75
2025-11-04,Loyalty Win-back,LinkedIn,1284.59,244660,1518,43,2233.76
2025-03-29,Content Sprint,Email,8550.62,162980,10424,858,68430.8
2025-10-25,Brand Awareness Push,Email,9851.19,215839,10502,827,78730.28
2025-02-20,Content Sprint,Meta Ads,1286.8,194712,2949,111,4170.01
2025-06-04,Display Remarketing,Google Ads,2471.76,156818,4549,370,12890.95
2025-04-09,Display Remarketing,Meta Ads,1795.55,221788,4182,108,5258.17
2025-07-21,Brand Awareness Push,YouTube,2509.57,127687,2142,44,7180.12
2025-02-04,Content Sprint,Google Ads,7090.56,183321,7750,609,38107.6
2025-09-03,Holiday Flash Promo,LinkedIn,660.78,91567,968,19,1852.37
2025-10-01,Holiday Flash Promo,Meta Ads,3640.27,201340,3010,113,13843.52
2025-02-26,LinkedIn ABM Campaign,LinkedIn,729.61,135790,920,30,1668.47
2025-01-13,LinkedIn ABM Campaign,Google Ads,9149.02,164803,8084,473,36061.42
2025-07-16,Display Remarketing,YouTube,2920.2,205703,3874,74,8531.63
2025-07-04,Lookalike Scale,Meta Ads,2330.36,188815,5668,95,7245.11
2025-02-13,Holiday Flash Promo,SEO,846.11,26065,966,84,5448.67
2025-02-20,Loyalty Win-back,Display,1238.67,165117,969,14,1010.41
2025-03-12,Content Sprint,YouTube,529.47,59095,752,14,1271.1
2025-10-30,LinkedIn ABM Campaign,LinkedIn,1001.66,179080,1445,39,2347.79
2025-06-02,Brand Awareness Push,LinkedIn,677.06,190688,1029,24,1760.62
2025-04-25,Display Remarketing,Meta Ads,1419.21,143203,2405,111,4121.33
2025-08-24,Holiday Flash Promo,Display,324.54,47130,227,4,597.17
2025-03-20,Display Remarketing,LinkedIn,553.95,148513,926,21,977.82
2025-06-04,Lookalike Scale,Google Ads,1038.97,48153,1595,80,4109.82
2025-05-11,LinkedIn ABM Campaign,YouTube,1436.63,69877,1195,20,1956.7
2025-02-09,Summer Sale Blitz,Display,93.11,33254,72,0,187.43
2025-07-12,Retarget Cart Abandon,Email,15573.1,249185,11197,1013,107358.3
2025-10-22,Loyalty Win-back,SEO,1057.76,46733,1378,67,4806.54
2025-02-16,Content Sprint,YouTube,1498.84,83665,1352,37,5810.22
2025-05-30,Display Remarketing,Email,3581.22,110722,6531,468,15278.79
2025-06-14,Loyalty Win-back,Meta Ads,1487.03,144143,2423,104,5323.85
2025-05-19,Lookalike Scale,Google Ads,506.67,28186,842,63,2214.52
2025-10-03,Lookalike Scale,Display,295.84,68068,269,4,618.85
2025-12-12,New Customer Acquisition,Email,2797.86,101158,6414,433,22967.32
2025-07-25,Summer Sale Blitz,SEO,349.88,11500,612,19,1912.2
2025-10-15,Loyalty Win-back,YouTube,865.24,86025,1197,35,2288.86
2025-10-10,Retarget Cart Abandon,YouTube,1686.11,126664,1887,45,3757.78
2025-08-05,Loyalty Win-back,SEO,4367.91,220146,4322,349,11884.36
2025-08-10,Loyalty Win-back,Display,152.37,109119,166,2,210.87
2025-04-14,Holiday Flash Promo,Google Ads,3401.83,79430,3940,224,20216.39
2025-03-01,Content Sprint,Email,8209.34,168741,9732,474,53879.85
2025-03-20,Display Remarketing,SEO,2001.49,39207,1905,70,11391.89
2025-10-23,Display Remarketing,Meta Ads,7806.87,243732,5717,266,20339.34
2025-06-07,LinkedIn ABM Campaign,Google Ads,239.13,13795,407,18,979.72
2025-04-21,Lookalike Scale,YouTube,1209.79,226232,2967,67,4014.91
2025-11-01,Loyalty Win-back,Google Ads,944.77,43160,1329,69,4192.23
2025-01-24,Retarget Cart Abandon,SEO,16178.68,242344,12077,765,110580.01
2025-11-13,Retarget Cart Abandon,Email,8517.76,178421,6429,620,52553.48
2025-10-18,LinkedIn ABM Campaign,SEO,7499.63,138690,5938,445,17276.0
2025-06-16,New Customer Acquisition,YouTube,437.22,99653,784,16,1353.25
2025-06-12,Retarget Cart Abandon,Display,998.17,233017,1595,20,2191.92
2025-03-21,LinkedIn ABM Campaign,Display,392.77,131360,751,7,602.78
2025-01-24,Retarget Cart Abandon,SEO,2686.24,52805,2540,189,15994.56
2025-10-20,New Customer Acquisition,YouTube,771.83,156358,1330,34,3236.27
2025-06-09,Content Sprint,LinkedIn,1172.88,236694,2145,60,3603.76
2025-08-27,Retarget Cart Abandon,Meta Ads,2607.22,169849,4301,211,7644.43
2025-03-10,New Customer Acquisition,Display,72.04,31291,92,1,47.13
2025-06-27,Lookalike Scale,Google Ads,1657.58,122096,3461,226,7727.2
2025-01-19,Lookalike Scale,Email,8125.15,245439,19632,1450,55513.25
2025-08-25,Holiday Flash Promo,Display,1748.38,196530,1343,19,3796.26
2025-08-30,Holiday Flash Promo,YouTube,2350.09,169604,1944,30,6870.13
2025-09-26,Display Remarketing,Google Ads,1512.93,117628,2572,86,7242.58
2025-09-30,Brand Awareness Push,Google Ads,3079.63,224198,7312,668,19825.48
2025-04-17,LinkedIn ABM Campaign,LinkedIn,776.52,134700,1247,40,2190.93
2025-06-24,New Customer Acquisition,Display,190.92,41119,214,2,240.0
2025-01-26,Display Remarketing,Meta Ads,2479.14,122875,2788,79,6814.9
2025-03-29,LinkedIn ABM Campaign,Meta Ads,1407.5,93398,2123,80,4325.61
2025-04-25,Retarget Cart Abandon,Meta Ads,1274.34,71837,1534,69,2621.26
2025-10-06,Summer Sale Blitz,YouTube,3991.42,232850,4329,79,5209.55
2025-11-21,New Customer Acquisition,YouTube,1391.8,227609,2848,72,2313.0
2025-06-30,Display Remarketing,YouTube,649.09,104803,1580,39,1521.16
2025-10-17,Summer Sale Blitz,Meta Ads,2249.41,212720,3428,189,7303.64
2025-04-08,New Customer Acquisition,Display,423.34,153543,722,6,730.92
2025-03-13,Holiday Flash Promo,Meta Ads,276.61,19196,344,12,732.54
2025-03-06,Brand Awareness Push,Display,1012.57,203937,982,13,1248.51
2025-03-27,Loyalty Win-back,LinkedIn,405.43,72670,463,14,977.92
2025-10-11,Content Sprint,Display,316.59,194103,967,9,610.77
2025-12-29,New Customer Acquisition,LinkedIn,87.32,14467,168,4,204.56
2025-09-30,Retarget Cart Abandon,LinkedIn,826.56,96028,1067,24,1424.34
2025-08-23,Holiday Flash Promo,YouTube,3442.41,174148,2668,59,13133.16
2025-09-24,Summer Sale Blitz,SEO,4454.61,189870,9989,920,30588.79
2025-04-16,Retarget Cart Abandon,Meta Ads,2679.83,200034,3972,143,8236.73
2025-02-19,Summer Sale Blitz,Meta Ads,3129.73,236230,5620,388,8227.07
2025-03-01,Holiday Flash Promo,Google Ads,7846.25,161616,6541,507,20003.81
2025-03-25,Lookalike Scale,Google Ads,711.67,17381,750,31,3404.38
2025-10-13,Retarget Cart Abandon,Google Ads,3907.81,234935,4462,332,13238.6
2025-10-27,Retarget Cart Abandon,Google Ads,3754.19,188591,5673,395,17590.62
2025-08-01,New Customer Acquisition,YouTube,1489.86,101799,1177,20,3987.36
2025-07-10,Holiday Flash Promo,Meta Ads,1608.55,51189,1179,26,7367.01
2025-05-09,LinkedIn ABM Campaign,LinkedIn,1453.73,161364,2105,81,3490.35
2025-04-14,Lookalike Scale,Google Ads,4506.62,198009,6581,237,20647.88
2025-05-03,Brand Awareness Push,Meta Ads,2015.7,153558,3518,115,4967.18
2025-07-25,Content Sprint,LinkedIn,375.56,126423,955,33,875.85
2025-12-11,New Customer Acquisition,LinkedIn,51.96,17465,95,1,134.94
2025-10-12,Holiday Flash Promo,LinkedIn,285.73,65196,331,10,705.15
2025-09-29,Loyalty Win-back,LinkedIn,1084.85,135245,1796,47,2518.26
2025-10-24,Summer Sale Blitz,Display,539.91,90643,525,7,763.01
2025-05-02,New Customer Acquisition,Display,56.5,46438,154,2,125.17
2025-01-28,Summer Sale Blitz,Google Ads,953.02,37472,974,50,4491.36
2025-08-22,Display Remarketing,LinkedIn,714.13,132920,765,19,1648.94
2025-10-18,Holiday Flash Promo,LinkedIn,419.34,68872,559,22,1141.52
2025-11-09,New Customer Acquisition,Email,1739.56,24047,1504,105,9450.17
2025-04-18,Loyalty Win-back,Google Ads,7463.29,144364,6257,434,28438.95
2025-02-19,LinkedIn ABM Campaign,SEO,3899.21,174917,5777,340,20448.13
2025-02-01,Loyalty Win-back,YouTube,648.02,59480,641,21,1392.4
2025-07-02,Summer Sale Blitz,YouTube,2290.93,156831,2358,31,8586.79
2025-01-27,Display Remarketing,Google Ads,1581.38,131343,1745,78,9274.48
2025-06-14,Lookalike Scale,YouTube,681.46,49316,865,10,1857.36
2025-09-25,Holiday Flash Promo,YouTube,83.17,12876,165,3,239.28
2025-04-30,LinkedIn ABM Campaign,Meta Ads,2644.5,162182,3057,125,8197.03
2025-10-03,Display Remarketing,Meta Ads,1491.61,213183,2291,46,4781.37
2025-08-01,Holiday Flash Promo,Email,20041.93,248413,17767,1593,143377.02
2025-03-16,LinkedIn ABM Campaign,LinkedIn,1371.81,134492,944,33,2715.45
2025-11-27,Lookalike Scale,SEO,8017.33,200619,8343,420,44055.23
2025-08-21,Display Remarketing,Email,3914.34,105039,8343,517,28535.16
2025-11-07,Loyalty Win-back,YouTube,273.77,114339,785,15,898.95
2025-03-06,Brand Awareness Push,Google Ads,5155.64,165688,5211,365,23912.34
2025-11-06,Retarget Cart Abandon,Google Ads,370.74,43072,953,66,2144.04
2025-11-22,Retarget Cart Abandon,Email,213.73,7699,423,39,1556.21
2025-08-29,Retarget Cart Abandon,Display,311.31,182580,640,7,678.3
2025-05-12,Holiday Flash Promo,Display,137.37,59981,354,7,131.53
2025-08-24,Brand Awareness Push,YouTube,1209.59,154549,2271,27,2958.36
2025-08-09,Content Sprint,Email,2090.82,65163,3527,241,11796.48
2025-10-28,Lookalike Scale,Google Ads,12073.41,231793,9991,689,44496.85
2025-01-05,New Customer Acquisition,YouTube,1874.24,191939,2371,52,6035.2
2025-11-07,Summer Sale Blitz,Google Ads,780.6,155387,1257,63,2648.16
2025-01-28,Holiday Flash Promo,Email,3740.84,183796,5539,568,20488.35
2025-09-25,Summer Sale Blitz,Google Ads,4499.8,95402,3837,131,27186.75
2025-03-20,Loyalty Win-back,Google Ads,6248.38,215592,7269,309,22346.5
2025-04-05,Summer Sale Blitz,Google Ads,1985.39,174767,2703,146,7797.15
2025-01-27,Display Remarketing,LinkedIn,943.72,121449,1108,35,2362.46
2025-11-04,Summer Sale Blitz,LinkedIn,784.71,114365,719,20,1642.06
2025-02-21,Brand Awareness Push,Meta Ads,395.93,42409,727,32,1121.72
2025-06-01,Lookalike Scale,Email,6571.47,132859,7114,584,47016.39
2025-02-09,Display Remarketing,Display,67.17,8375,58,0,108.14
2025-07-13,Brand Awareness Push,Display,480.57,150411,697,10,559.73
2025-10-13,New Customer Acquisition,Google Ads,5641.67,235889,8484,631,28725.6
2025-08-19,Brand Awareness Push,YouTube,4063.22,232644,5059,89,12376.88
2025-05-03,Summer Sale Blitz,Display,981.86,246973,1205,13,1173.66
2025-12-23,Brand Awareness Push,Meta Ads,2220.97,121344,2541,142,5975.77
2025-06-04,Summer Sale Blitz,YouTube,2849.05,232875,3272,52,6058.75
2025-06-13,Retarget Cart Abandon,Meta Ads,639.88,73474,539,22,1787.86
2025-04-21,Retarget Cart Abandon,Email,394.13,12612,752,71,1957.96
2025-04-07,Lookalike Scale,LinkedIn,619.01,92028,964,42,1190.18
2025-07-28,Brand Awareness Push,Google Ads,1885.66,57388,2001,86,11149.14
2025-03-29,Content Sprint,SEO,6843.81,188042,7813,626,32501.69
2025-09-18,Content Sprint,LinkedIn,2972.41,248237,3196,102,6887.14
2025-08-12,LinkedIn ABM Campaign,YouTube,63.23,8460,134,2,110.84
2025-04-10,New Customer Acquisition,LinkedIn,74.28,13038,100,2,101.4
2025-04-30,LinkedIn ABM Campaign,LinkedIn,351.77,26984,266,5,975.46
2025-07-04,Holiday Flash Promo,Google Ads,4627.12,135296,3876,259,22795.96
2025-06-08,Retarget Cart Abandon,Meta Ads,2065.86,192884,4845,235,8381.12
2025-10-09,Summer Sale Blitz,YouTube,343.15,27851,320,7,1273.95
2025-11-09,LinkedIn ABM Campaign,YouTube,368.59,28981,427,9,1111.36
2025-05-24,New Customer Acquisition,SEO,3675.31,109150,4545,326,22050.23
2025-07-03,Summer Sale Blitz,Display,401.94,107347,545,8,575.74
2025-05-31,Display Remarketing,YouTube,3555.55,206858,2966,93,8663.78
2025-02-21,Loyalty Win-back,Meta Ads,2581.33,133982,3408,147,7470.51
2025-02-12,LinkedIn ABM Campaign,SEO,4687.46,143146,4813,278,23467.64
2025-07-06,Brand Awareness Push,YouTube,1143.22,68346,1131,17,3713.81
2025-04-28,Retarget Cart Abandon,Meta Ads,1664.8,148970,3658,119,6503.9
2025-06-26,Holiday Flash Promo,Meta Ads,5926.59,230977,6362,433,16108.3
2025-05-10,Content Sprint,LinkedIn,635.79,115850,964,20,1672.7
2025-01-25,Lookalike Scale,Email,382.27,14494,762,93,1894.93
2025-10-01,Display Remarketing,SEO,10041.28,219685,8732,539,62097.15
2025-01-23,Display Remarketing,Display,220.63,95375,481,7,354.0
2025-05-22,Brand Awareness Push,LinkedIn,656.17,89618,697,19,1915.24
2025-07-10,Retarget Cart Abandon,LinkedIn,2187.42,227900,2275,78,6278.33
2025-06-17,Summer Sale Blitz,Display,92.7,27732,108,1,129.06
2025-11-14,Lookalike Scale,Display,668.54,159092,642,9,1119.79
2025-07-23,Holiday Flash Promo,Google Ads,1861.47,57985,3048,195,6635.34
2025-09-14,LinkedIn ABM Campaign,Email,1349.85,55068,2360,186,7858.6
2025-12-21,Retarget Cart Abandon,Meta Ads,1142.21,178505,2442,120,2420.41
2025-01-16,New Customer Acquisition,Email,376.89,6190,463,27,1223.85
2025-06-09,Summer Sale Blitz,SEO,5272.53,84537,3753,278,14934.58
2025-01-29,LinkedIn ABM Campaign,Display,294.08,99247,472,7,450.36
2025-07-01,Content Sprint,Display,656.55,230215,1270,13,1077.13
2025-12-26,LinkedIn ABM Campaign,LinkedIn,482.02,56195,744,19,1159.94
2025-10-29,LinkedIn ABM Campaign,LinkedIn,315.61,38952,390,12,904.56
2025-01-26,LinkedIn ABM Campaign,Email,3427.6,46728,3483,362,25194.23
2025-11-11,Holiday Flash Promo,SEO,8125.28,209704,7507,485,19633.2
2025-07-20,Holiday Flash Promo,YouTube,1736.19,109429,1343,39,5298.2
2025-10-31,Loyalty Win-back,Email,1503.08,17678,1376,111,8781.78
2025-06-02,Summer Sale Blitz,Display,354.6,94812,442,7,568.69
2025-05-14,Summer Sale Blitz,SEO,799.44,41735,761,72,3538.1
2025-03-28,Display Remarketing,Google Ads,1842.42,41897,1412,74,10319.66
2025-10-01,Retarget Cart Abandon,LinkedIn,78.82,22606,278,7,219.88
2025-12-28,Loyalty Win-back,Meta Ads,1232.82,68116,1183,65,4296.86
2025-10-02,Display Remarketing,Email,6232.38,223672,9129,331,47986.14
2025-12-07,Lookalike Scale,YouTube,1624.15,172064,1807,32,6104.3
2025-03-28,Loyalty Win-back,LinkedIn,454.24,134270,941,33,1065.15
2025-02-05,Retarget Cart Abandon,Display,381.44,225568,440,7,599.72
2025-10-30,New Customer Acquisition,Google Ads,5277.66,180995,3795,198,17181.66
2025-08-31,Display Remarketing,Meta Ads,1498.15,112096,2327,47,4931.09
2025-06-25,New Customer Acquisition,LinkedIn,971.9,145034,1161,33,2124.46
2025-09-20,Retarget Cart Abandon,Email,3776.12,162179,7766,486,21751.63
2025-11-15,Lookalike Scale,SEO,4298.42,171367,5443,531,28364.27
2025-08-05,Loyalty Win-back,LinkedIn,776.48,149883,1135,39,1758.92
2025-05-15,LinkedIn ABM Campaign,Meta Ads,613.47,17343,373,19,1895.35
2025-03-27,Loyalty Win-back,SEO,1770.45,30908,1592,83,7728.63
2025-02-10,Loyalty Win-back,Email,9538.55,154121,6742,576,59968.29
2025-07-10,Loyalty Win-back,Email,5771.85,140302,9642,929,32506.94
2025-12-13,Display Remarketing,Display,1211.2,208141,901,12,1778.8
2025-08-23,New Customer Acquisition,Display,217.99,118337,502,4,257.18
2025-02-23,Summer Sale Blitz,LinkedIn,380.33,60541,449,10,1033.64
2025-08-17,Brand Awareness Push,Display,1269.05,228490,1018,16,2045.29
2025-08-15,Content Sprint,YouTube,3176.78,161607,2693,50,9613.3
2025-05-18,LinkedIn ABM Campaign,Meta Ads,129.67,8037,163,6,401.8
2025-12-21,Display Remarketing,Google Ads,1895.57,47367,1918,93,8876.57
2025-12-13,LinkedIn ABM Campaign,Display,414.61,74879,489,8,727.65
2025-08-14,Content Sprint,Display,1014.69,171186,1181,19,1428.21
2025-02-06,Display Remarketing,Display,974.38,165474,993,15,2006.75
2025-07-18,Retarget Cart Abandon,LinkedIn,1489.35,156879,1335,57,4927.76
2025-03-13,LinkedIn ABM Campaign,Display,50.0,5954,27,0,88.68
2025-10-08,Content Sprint,Display,446.8,223816,1070,20,802.73
2025-12-11,Lookalike Scale,SEO,12956.33,237912,10748,692,63148.08
2025-02-22,Display Remarketing,Google Ads,2682.48,155478,2993,202,11759.23
2025-06-29,LinkedIn ABM Campaign,YouTube,3256.6,194359,2462,23,12258.73
2025-11-26,LinkedIn ABM Campaign,SEO,12848.14,219981,12013,1194,72173.82
2025-07-24,LinkedIn ABM Campaign,Email,5349.24,88937,5763,723,34378.57
2025-08-19,Content Sprint,YouTube,2006.09,132639,1478,22,4664.48
2025-09-19,New Customer Acquisition,Email,16500.06,191196,12031,1073,131152.39
2025-10-19,Summer Sale Blitz,SEO,6603.6,167822,5447,587,24190.04
2025-06-15,Loyalty Win-back,Google Ads,5895.73,232102,8457,264,36287.42
2025-05-25,Loyalty Win-back,Email,7823.97,101550,7625,473,56533.62
2025-07-29,LinkedIn ABM Campaign,Display,558.84,119481,720,9,772.72
2025-07-02,Retarget Cart Abandon,Meta Ads,2056.17,120675,2045,115,8333.99
2025-02-26,Summer Sale Blitz,Meta Ads,3653.34,147757,2982,159,11229.24
2025-07-06,Retarget Cart Abandon,YouTube,4556.48,237418,3277,65,15031.18
2025-10-27,Lookalike Scale,Display,50.0,12876,60,1,78.59
2025-10-24,Lookalike Scale,Display,839.13,178841,1217,17,1420.8
2025-12-21,Summer Sale Blitz,Display,128.5,65577,172,3,181.51
2025-01-05,Display Remarketing,LinkedIn,792.68,141339,1214,40,1770.26
2025-09-28,New Customer Acquisition,Meta Ads,1646.52,197253,4265,153,4434.8
2025-07-22,Summer Sale Blitz,Meta Ads,1362.39,86852,1612,72,5545.99
2025-07-29,Loyalty Win-back,Google Ads,736.85,27811,1052,82,3048.71
2025-03-17,Holiday Flash Promo,Meta Ads,749.0,50732,597,22,1727.73
2025-01-30,Lookalike Scale,Google Ads,7860.34,221109,6830,553,38828.55
2025-08-27,Holiday Flash Promo,YouTube,5505.59,230181,3913,56,16639.55
2025-09-04,Summer Sale Blitz,Google Ads,2406.09,211074,2042,131,13181.21
2025-10-03,Content Sprint,Meta Ads,987.62,91907,1861,75,3698.05
2025-02-07,Summer Sale Blitz,Display,1114.61,161258,1066,9,1651.15
2025-12-08,Display Remarketing,Email,8954.49,99426,8421,460,74698.34
2025-07-31,Lookalike Scale,Google Ads,6072.64,158557,4848,222,37264.08
2025-01-23,Display Remarketing,Email,8459.92,150985,6936,308,63424.91
2025-03-02,Summer Sale Blitz,SEO,661.76,16016,779,59,3654.89
2025-08-06,Brand Awareness Push,Display,322.44,111478,646,10,444.25
2025-12-24,Loyalty Win-back,SEO,8877.22,186073,9324,564,64740.32
2025-06-14,Lookalike Scale,SEO,5719.07,118385,6028,482,28242.09
2025-05-16,Content Sprint,YouTube,105.34,16187,200,4,265.1
2025-08-03,New Customer Acquisition,LinkedIn,454.23,61975,611,18,964.41
2025-10-25,Display Remarketing,LinkedIn,532.49,83605,732,17,1450.66
2025-06-01,Content Sprint,SEO,3080.57,133694,6267,368,19543.81
2025-07-23,Brand Awareness Push,Email,4137.69,233024,13882,1589,18593.56
2025-03-21,Retarget Cart Abandon,SEO,1448.17,72269,2651,160,5532.8
2025-07-20,LinkedIn ABM Campaign,LinkedIn,1215.84,85623,933,17,2316.2
2025-02-16,Retarget Cart Abandon,Email,3347.84,40903,3464,410,16957.21
2025-12-22,Display Remarketing,LinkedIn,451.93,54983,371,12,1134.67
2025-12-30,Display Remarketing,LinkedIn,1127.69,97885,843,32,2346.72
2025-09-15,New Customer Acquisition,Email,1258.58,41550,2035,194,10036.34
2025-11-08,New Customer Acquisition,Meta Ads,120.95,13445,224,12,349.48
2025-01-22,Retarget Cart Abandon,Email,15054.25,149498,10042,646,69864.45
2025-03-17,Loyalty Win-back,Email,4202.7,142968,8426,770,20461.75
2025-03-31,Content Sprint,SEO,70.52,7740,139,6,411.0
2025-06-02,Retarget Cart Abandon,Display,269.57,84479,501,9,475.44
2025-02-24,Display Remarketing,Meta Ads,1923.21,228778,4405,140,5171.19
2025-12-20,Loyalty Win-back,Email,1284.33,29686,2143,174,7070.29
2025-07-29,Loyalty Win-back,Meta Ads,1129.38,49912,907,32,3515.11
2025-10-27,Retarget Cart Abandon,LinkedIn,1243.42,165206,1306,57,3197.5
2025-02-06,Holiday Flash Promo,Display,1137.26,153531,1119,12,1901.24
2025-08-11,Content Sprint,Meta Ads,3522.14,198761,3468,169,7969.68
2025-08-28,Retarget Cart Abandon,Display,371.4,56471,343,6,268.65
2025-09-30,Summer Sale Blitz,Meta Ads,285.06,25697,485,15,888.01
2025-04-17,LinkedIn ABM Campaign,Meta Ads,5459.55,222878,4946,276,20882.49
2025-02-03,Lookalike Scale,Meta Ads,1026.91,84909,1651,24,3521.64
2025-02-21,LinkedIn ABM Campaign,LinkedIn,1042.18,70398,942,19,2132.91
2025-04-03,LinkedIn ABM Campaign,LinkedIn,394.22,61375,747,18,1140.66
2025-08-20,New Customer Acquisition,Email,5465.86,98031,4855,399,24775.29
2025-06-18,LinkedIn ABM Campaign,Meta Ads,1390.74,162418,2890,182,4142.62
2025-10-13,Content Sprint,Google Ads,3738.94,155578,4698,296,22913.61
2025-06-11,Retarget Cart Abandon,Display,227.37,64896,319,7,275.75
2025-09-25,Summer Sale Blitz,Meta Ads,2562.8,114872,2210,116,5485.27
2025-11-27,Content Sprint,Google Ads,868.9,87684,1510,114,6139.11
2025-08-29,LinkedIn ABM Campaign,Meta Ads,3139.37,196325,4245,211,11789.77
2025-12-02,LinkedIn ABM Campaign,Display,635.0,219331,950,6,1097.67
2025-01-31,LinkedIn ABM Campaign,Meta Ads,2131.77,100617,2119,100,6969.25
2025-08-22,Summer Sale Blitz,LinkedIn,1538.81,170624,1063,34,3795.9
2025-04-04,LinkedIn ABM Campaign,Email,5449.43,179234,10208,1073,30460.21
2025-04-09,Loyalty Win-back,Display,368.48,71844,402,6,706.99
2025-03-12,Brand Awareness Push,Email,5095.19,137725,7836,556,28592.19
2025-02-05,Content Sprint,YouTube,173.77,15524,281,5,474.7
2025-05-18,Summer Sale Blitz,Google Ads,2987.64,79317,2990,272,14936.53
2025-09-26,Summer Sale Blitz,Google Ads,7528.4,179370,8031,378,27038.59
2025-02-15,LinkedIn ABM Campaign,Display,205.38,50603,182,2,377.2
2025-12-25,Retarget Cart Abandon,Display,1516.57,241269,1252,23,2881.42
2025-03-10,Lookalike Scale,Google Ads,542.7,23776,579,46,2913.03
2025-09-05,LinkedIn ABM Campaign,YouTube,210.16,14844,248,6,701.9
2025-04-04,New Customer Acquisition,Display,622.02,125420,499,7,1150.39
2025-02-22,Lookalike Scale,Meta Ads,1194.15,75638,1323,50,3948.82
2025-05-22,Brand Awareness Push,Display,941.96,140977,801,12,1631.59
2025-12-01,Holiday Flash Promo,Display,440.09,164101,957,11,630.0
2025-02-04,Content Sprint,SEO,3261.57,91167,4733,375,28291.85
2025-01-05,New Customer Acquisition,Email,4697.44,73744,3851,336,39473.21
2025-02-20,Holiday Flash Promo,Meta Ads,2694.08,202919,3292,145,7054.68
2025-02-10,Retarget Cart Abandon,Meta Ads,2200.67,131984,1762,58,7579.05
2025-05-10,Holiday Flash Promo,Meta Ads,1161.85,83909,1912,59,2745.68
2025-07-23,Brand Awareness Push,SEO,6505.99,89656,4573,323,41196.8
2025-04-09,Loyalty Win-back,LinkedIn,645.9,124799,1229,27,1725.3
2025-01-16,Summer Sale Blitz,Meta Ads,258.15,24432,387,12,572.66
2025-03-10,Loyalty Win-back,YouTube,2052.71,192035,1894,36,5707.07
2025-09-17,Lookalike Scale,Email,5817.11,177509,8818,910,39160.3
2025-08-31,Display Remarketing,Email,741.68,13234,829,83,4541.84
2025-06-03,Summer Sale Blitz,Google Ads,853.74,27092,1155,77,5928.99
2025-06-27,Summer Sale Blitz,Meta Ads,1589.37,241742,5184,121,4343.71
2025-04-27,Display Remarketing,YouTube,957.89,67705,1093,13,2180.48
2025-12-07,New Customer Acquisition,Google Ads,4607.61,234542,9062,692,17022.68
2025-02-07,Summer Sale Blitz,SEO,1260.31,25961,1133,84,5657.13
2025-08-09,Brand Awareness Push,YouTube,1856.94,212484,3112,80,6425.67
2025-04-11,Content Sprint,YouTube,100.75,11419,133,3,298.45
2025-04-17,Loyalty Win-back,Display,485.82,132588,930,12,771.26
2025-09-03,New Customer Acquisition,YouTube,1486.5,199903,3555,65,2658.23
2025-01-15,Summer Sale Blitz,SEO,1297.6,85591,1658,93,8084.17
2025-09-01,New Customer Acquisition,Meta Ads,771.89,82925,1419,71,2198.49
2025-09-11,LinkedIn ABM Campaign,Email,4755.16,163615,10147,711,33139.95
2025-03-01,LinkedIn ABM Campaign,Google Ads,3426.11,129275,3910,243,19535.14
2025-04-15,Retarget Cart Abandon,Google Ads,9372.67,217237,8338,560,40994.69
2025-12-11,Lookalike Scale,SEO,6557.55,112621,4416,319,34265.44
2025-09-28,New Customer Acquisition,Meta Ads,5450.44,232097,5817,139,19528.24
2025-11-01,Display Remarketing,YouTube,1661.11,133238,2138,43,4835.52
2025-07-04,Holiday Flash Promo,SEO,471.28,29698,1096,77,2793.29
2025-03-26,Display Remarketing,Email,12229.74,156907,8308,791,53558.35
2025-08-29,Retarget Cart Abandon,Meta Ads,2334.02,103640,2273,103,7843.71
2025-10-27,Holiday Flash Promo,LinkedIn,964.22,142819,1174,11,1842.24
2025-04-28,Display Remarketing,YouTube,50.0,6735,41,0,107.83
2025-11-17,Retarget Cart Abandon,Google Ads,3505.67,87484,3199,197,11855.76
2025-07-24,Content Sprint,Display,50.0,5243,22,0,75.55
2025-01-08,Summer Sale Blitz,Google Ads,6483.95,199002,9943,496,30977.16
2025-10-17,Summer Sale Blitz,Google Ads,2740.92,156830,4651,204,10401.22
2025-07-21,Display Remarketing,Display,357.59,105328,407,5,617.8
2025-07-25,Brand Awareness Push,LinkedIn,1078.35,113326,1288,23,3453.03
2025-03-18,Content Sprint,Display,247.61,127101,389,5,406.43
2025-10-25,Brand Awareness Push,Email,9395.0,180678,10651,876,72559.55
2025-01-01,Content Sprint,LinkedIn,2981.5,162993,1857,42,7700.61
2025-04-12,Lookalike Scale,YouTube,5978.46,239972,4025,48,17709.09
2025-08-11,New Customer Acquisition,SEO,1831.2,47181,1619,116,13808.79
2025-05-20,Holiday Flash Promo,Email,7438.26,128961,6781,692,55143.21
2025-01-18,Loyalty Win-back,YouTube,109.49,9040,76,1,410.35
2025-08-05,New Customer Acquisition,Email,2535.7,42838,1898,143,11279.62
2025-05-01,Content Sprint,Google Ads,6456.98,120383,4595,417,39802.33
2025-07-21,Brand Awareness Push,Email,4395.96,89289,4786,487,30584.1
2025-08-16,Display Remarketing,YouTube,1233.18,131008,2355,47,4273.41
2025-10-24,Holiday Flash Promo,LinkedIn,2786.37,215879,2468,87,6369.96
2025-04-23,New Customer Acquisition,Meta Ads,1710.5,114204,2229,94,6366.75
2025-01-27,Summer Sale Blitz,Meta Ads,6812.4,192606,4646,174,16090.21
2025-05-23,Retarget Cart Abandon,SEO,3639.86,123632,4839,376,21662.86
2025-02-01,Brand Awareness Push,YouTube,177.12,15877,282,6,507.47
2025-07-02,Loyalty Win-back,Google Ads,970.85,58911,1638,99,3802.2
2025-03-24,LinkedIn ABM Campaign,Meta Ads,2156.77,165731,2328,57,6436.25
2025-05-14,LinkedIn ABM Campaign,YouTube,511.38,44135,690,9,1739.0
2025-11-01,Display Remarketing,Meta Ads,4001.88,168768,3856,148,10795.4
2025-02-08,Holiday Flash Promo,Meta Ads,1662.41,241459,4106,187,6219.01
2025-03-21,Brand Awareness Push,Google Ads,7749.92,202113,6437,365,31051.69
2025-01-19,Content Sprint,YouTube,2586.26,190190,1826,34,8576.2
2025-03-18,Loyalty Win-back,SEO,2435.39,80766,4015,332,12960.65
2025-01-21,Brand Awareness Push,YouTube,579.14,57105,867,18,1896.17
2025-03-19,LinkedIn ABM Campaign,LinkedIn,400.28,36504,323,10,999.72
2025-05-07,Loyalty Win-back,Google Ads,5511.31,198715,6672,535,24461.78
2025-09-27,Summer Sale Blitz,Google Ads,801.41,46895,1366,45,5706.92
2025-12-14,Content Sprint,LinkedIn,518.19,155708,1425,51,1439.29
2025-10-02,Loyalty Win-back,Meta Ads,1352.58,108778,1847,63,4304.36
2025-03-31,Display Remarketing,Google Ads,4721.36,145643,6427,318,24150.43
2025-06-10,New Customer Acquisition,Display,1641.01,184877,1167,17,2139.31
2025-10-31,LinkedIn ABM Campaign,SEO,7832.25,183915,8910,809,40843.89
2025-11-07,Retarget Cart Abandon,Email,4265.14,110683,8564,725,35248.49
2025-10-04,Lookalike Scale,Google Ads,4959.21,234388,7423,280,30314.19
2025-04-04,Display Remarketing,Meta Ads,2576.11,182560,4079,197,8541.66
2025-07-06,Summer Sale Blitz,Display,70.73,27083,104,1,103.45
2025-01-31,Holiday Flash Promo,SEO,1913.19,130325,3230,226,10614.04
2025-04-12,Summer Sale Blitz,Meta Ads,2125.79,232322,5570,115,5209.74
2025-01-22,Display Remarketing,Display,1061.67,198557,1012,12,1546.37
2025-12-17,Display Remarketing,LinkedIn,1552.37,171767,1077,35,4260.96
2025-10-04,Retarget Cart Abandon,Display,428.32,240649,805,15,662.61
2025-12-05,Retarget Cart Abandon,Email,7329.95,240255,13758,855,50193.49
2025-01-09,New Customer Acquisition,Google Ads,1755.89,42612,1665,96,9554.62
2025-04-10,Retarget Cart Abandon,Google Ads,112.4,8817,241,11,588.65
2025-09-01,Holiday Flash Promo,YouTube,1558.15,159248,2617,64,5772.1
2025-01-23,Holiday Flash Promo,Meta Ads,2248.88,110566,2485,105,10938.74
2025-10-08,Display Remarketing,Email,8973.86,158799,8182,574,50362.56
2025-04-30,New Customer Acquisition,Google Ads,5003.27,234223,4562,316,16010.03
2025-04-16,Summer Sale Blitz,Meta Ads,1859.1,112764,3137,116,6636.66
2025-08-23,Lookalike Scale,SEO,4169.99,164893,6424,306,20517.81
2025-06-04,Lookalike Scale,YouTube,824.4,73035,1173,23,2604.08
2025-06-09,Content Sprint,Meta Ads,3566.2,178029,3327,88,13466.3
2025-12-13,Lookalike Scale,Meta Ads,1162.47,84410,1976,77,2268.56
2025-03-16,Retarget Cart Abandon,Display,89.74,32322,235,2,194.74
2025-01-08,New Customer Acquisition,Meta Ads,2837.86,107553,3133,113,8496.09
2025-12-27,Summer Sale Blitz,Email,14193.37,213100,14952,1181,84115.4
2025-07-10,New Customer Acquisition,Email,2457.76,231531,4615,292,16467.45
2025-02-22,Holiday Flash Promo,YouTube,3282.02,203521,2474,46,9398.3
2025-07-19,Content Sprint,YouTube,2360.97,205871,2665,66,6558.26
2025-04-22,Display Remarketing,Meta Ads,2077.13,132081,3366,142,5193.15
2025-05-07,Brand Awareness Push,Meta Ads,4672.97,231121,3913,212,14086.25
2025-11-29,Content Sprint,Google Ads,2661.22,135199,3007,176,12993.56
2025-05-06,Brand Awareness Push,YouTube,1927.21,164029,3869,94,4759.5
2025-08-11,New Customer Acquisition,LinkedIn,439.56,48564,447,7,968.82
2025-06-05,LinkedIn ABM Campaign,Google Ads,11193.35,239961,9615,406,41987.91
2025-12-12,Content Sprint,Google Ads,1166.8,30970,1135,77,5051.62
2025-05-06,LinkedIn ABM Campaign,SEO,1614.2,27137,1224,61,9233.38
2025-07-10,Holiday Flash Promo,SEO,1099.52,53260,2360,216,4772.39
2025-08-26,LinkedIn ABM Campaign,SEO,512.47,26398,885,43,2182.68
2025-03-22,Retarget Cart Abandon,YouTube,776.15,119354,1099,31,2539.98
2025-04-29,Summer Sale Blitz,Display,286.5,63240,297,2,362.33
2025-09-19,Brand Awareness Push,Email,3770.99,92493,7178,922,12920.21
2025-02-25,Display Remarketing,Display,243.68,44586,186,2,365.24
2025-07-26,Brand Awareness Push,LinkedIn,1475.06,139324,1257,46,2524.67
2025-03-12,Display Remarketing,SEO,4601.3,82145,4003,304,25883.88
2025-06-25,Content Sprint,Email,12131.08,226770,13376,1466,62609.71
2025-04-25,New Customer Acquisition,Email,9241.5,212474,12167,1291,56837.83
2025-12-04,Holiday Flash Promo,Email,7348.88,122737,7000,502,38638.68
2025-09-02,Retarget Cart Abandon,Meta Ads,1845.45,139055,2315,122,5200.16
2025-05-25,Display Remarketing,Google Ads,4320.44,201019,5134,227,14252.45
2025-10-16,Content Sprint,Google Ads,2819.18,73922,3582,179,12845.07
2025-06-03,Loyalty Win-back,Email,2603.16,47830,3001,224,13538.16
2025-06-14,Retarget Cart Abandon,SEO,3327.32,95520,4347,395,14251.44
2025-07-16,Summer Sale Blitz,LinkedIn,2026.89,156170,1617,40,4232.53
2025-03-10,Retarget Cart Abandon,YouTube,1368.13,58721,1006,21,3723.55
2025-04-18,Lookalike Scale,YouTube,943.13,166395,1841,47,3110.85
2025-09-23,Lookalike Scale,Google Ads,9486.17,229254,7574,625,45580.85
2025-10-08,LinkedIn ABM Campaign,LinkedIn,304.09,70629,420,7,635.84
2025-10-19,Lookalike Scale,YouTube,2634.41,222324,3265,45,8548.85
2025-10-19,Lookalike Scale,YouTube,3801.99,227611,4938,98,11229.04
2025-01-08,Retarget Cart Abandon,LinkedIn,541.4,128246,737,16,1152.22
2025-01-13,Summer Sale Blitz,Display,653.84,98834,604,8,1165.84
2025-06-01,Loyalty Win-back,Google Ads,2077.81,66246,2034,148,9777.18
2025-11-28,Summer Sale Blitz,LinkedIn,112.55,22416,168,4,225.6
2025-05-25,Retarget Cart Abandon,LinkedIn,558.58,161495,648,18,1720.22
2025-12-18,Brand Awareness Push,SEO,2145.26,178175,2534,156,14150.76
2025-12-26,Loyalty Win-back,YouTube,2153.45,165226,2098,52,4101.41
2025-12-02,Loyalty Win-back,YouTube,3325.8,202674,4452,90,10709.52
2025-09-22,Loyalty Win-back,LinkedIn,743.87,140327,1521,50,1846.32
2025-03-05,New Customer Acquisition,Email,966.13,30078,1591,151,7749.59
2025-10-02,Brand Awareness Push,SEO,2683.19,51564,2409,141,12725.14
2025-06-14,Brand Awareness Push,Google Ads,384.75,32803,918,44,1477.45
2025-09-07,Display Remarketing,Meta Ads,579.02,49523,1017,50,1444.14
2025-08-09,New Customer Acquisition,Email,1100.17,48232,3042,239,8707.58
2025-10-10,Holiday Flash Promo,LinkedIn,311.04,21454,207,5,689.67
2025-10-30,Retarget Cart Abandon,SEO,5865.08,121689,5106,535,29163.57
2025-03-13,Content Sprint,SEO,5237.22,201048,6514,377,35850.09
2025-01-26,New Customer Acquisition,Email,657.59,12467,482,25,3893.13
2025-04-14,Lookalike Scale,YouTube,2605.11,205152,2136,41,8472.05
